DATE,DESCRIPTION,ITEMNAME,QUANTITY,UNIT COST,STOCKONHAND,RUNNINGUNITCOST,ISFAULTY
5-Sep-22,Direct Purchase,Rowa LED TV,14,20197,24,19654.5,0
21-Sep-22,Sales Delivery,Rowa LED TV,1,18861.45,23,18861.45,0
1-Oct-22,Sales Delivery,Rowa LED TV,1,18861.45,22,18861.45,0
5-Oct-22,Sales Delivery,Rowa LED TV,1,18861.45,21,18861.45,0
31-Oct-22,Sales Delivery,Rowa LED TV,1,18861.45,20,18861.45,0
9-Nov-22,Sales Delivery,Rowa LED TV,3,18861.45,17,18861.45,0
22-Nov-22,Sales Delivery,Rowa LED TV,5,18861.45,12,18861.45,0
5-Dec-22,Sales Delivery,Rowa LED TV,2,18861.45,10,18861.45,0
18-Dec-22,Direct Purchase,Rowa LED TV,3,20197,13,20197,0
22-Dec-22,Sales Delivery,Rowa LED TV,1,18861.45,4,18861.45,1
18-Jan-23,Sales Delivery,Rowa LED TV,1,18861.45,3,18861.45,0
29-Jan-23,Sales Delivery,Rowa LED TV,1,18861.45,2,18861.45,0
30-Jan-23,Direct Purchase,Rowa LED TV,3,20197,5,20197,0
31-Jan-23,Direct Purchase,Rowa LED TV,4,16942,9,18895,0
2-Feb-23,Sales Delivery,Rowa LED TV,1,18861.45,8,18861.45,0
5-Feb-23,Sales Delivery,Rowa LED TV,1,18861.45,7,18861.45,0
2-Mar-23,Sales Delivery,Rowa LED TV,1,18861.45,6,18861.45,0
27-Mar-23,Sales Delivery,Rowa LED TV,1,18861.45,5,18861.45,0
5-Apr-23,Sales Delivery,Rowa LED TV,1,18861.45,4,18861.45,0
15-May-23,Direct Purchase,Rowa LED TV,5,18068,9,18968.22,0
18-May-23,Sales Delivery,Rowa LED TV,5,18861.45,25,18861.45,1
3-Jun-23,Sales Delivery,Rowa LED TV,1,18861.45,24,18861.45,0
8-Jun-23,Direct Purchase,Rowa LED TV,8,17472,32,19108.88,0
13-Jun-23,Sales Delivery,Rowa LED TV,8,18861.45,24,18861.45,0
18-Jun-23,Direct Purchase,Rowa LED TV,8,18630,32,18844.21,0
24-Jun-23,Sales Delivery,Rowa LED TV,1,18861.45,31,18861.45,0
23-Jul-23,Sales Delivery,Rowa LED TV,1,18861.45,30,18861.45,0
16-Aug-23,Sales Delivery,Rowa LED TV,1,18844.21,29,18844.21,0
11-Sep-23,Sales Delivery,Rowa LED TV,1,18861.45,28,18861.45,0
19-Sep-23,Sales Delivery,Rowa LED TV,1,18844.21,27,18844.21,0
20-Sep-23,Sales Delivery,Rowa LED TV,1,18844.21,26,18844.21,0
27-Sep-23,Direct Purchase,Rowa LED TV,3,17886,29,18887.05,0
5-Oct-23,Sales Delivery,Rowa LED TV,1,18844.21,28,18844.21,0
15-Oct-23,Sales Delivery,Rowa LED TV,1,18844.21,27,18844.21,0
27-Oct-23,Sales Delivery,Rowa LED TV,1,18844.21,26,18844.21,0
4-Nov-23,Sales Delivery,Rowa LED TV,1,18844.21,25,18844.21,0
9-Nov-23,Sales Delivery,Rowa LED TV,1,18844.21,24,18844.21,0
16-Nov-23,Sales Delivery,Rowa LED TV,1,18844.21,23,18844.21,0
19-Nov-23,Direct Purchase,Rowa LED TV,1,19534,24,18861.45,0
8-Feb-24,Sales Delivery,Rowa LED TV,1,18861.45,23,18861.45,0
10-May-23,Direct Purchase,Transtec Mosquito Bat,250,388,250,388,0
21-May-23,Sales Delivery,Transtec Mosquito Bat,14,388,236,388,0
23-May-23,Direct Purchase,Transtec Mosquito Bat,250,386,486,387,0
24-May-23,Sales Delivery,Transtec Mosquito Bat,1,387,485,387,0
25-May-23,Sales Delivery,Transtec Mosquito Bat,2,387,483,387,0
30-May-23,Sales Delivery,Transtec Mosquito Bat,6,387,477,387,0
31-May-23,Sales Delivery,Transtec Mosquito Bat,1,387,476,387,0
5-Jun-23,Sales Delivery,Transtec Mosquito Bat,1,387,475,387,0
7-Jun-23,Sales Delivery,Transtec Mosquito Bat,3,387,472,387,0
8-Jun-23,Sales Delivery,Transtec Mosquito Bat,10,387,462,387,0
17-Jun-23,Sales Delivery,Transtec Mosquito Bat,10,387,452,387,0
17-Jun-23,Sales Delivery,Transtec Mosquito Bat,6,387,446,387,0
20-Jul-23,Sales Delivery,Transtec Mosquito Bat,1,387,445,387,0
3-Aug-23,Sales Delivery,Transtec Mosquito Bat,10,387,435,387,0
5-Aug-23,Sales Delivery,Transtec Mosquito Bat,1,387,434,387,0
8-Aug-23,Sales Delivery,Transtec Mosquito Bat,7,387,427,387,0
9-Aug-23,Sales Delivery,Transtec Mosquito Bat,1,387,426,387,0
12-Aug-23,Sales Delivery,Transtec Mosquito Bat,1,387,425,387,0
15-Aug-23,Sales Delivery,Transtec Mosquito Bat,6,387,419,387,0
17-Aug-23,Sales Delivery,Transtec Mosquito Bat,1,387,418,387,0
3-Sep-23,Sales Delivery,Transtec Mosquito Bat,2,387,416,387,0
13-Sep-23,Sales Delivery,Transtec Mosquito Bat,1,387,415,387,0
3-Nov-23,Sales Delivery,Transtec Mosquito Bat,1,387,414,387,0
3-Nov-23,Sales Delivery,Transtec Mosquito Bat,1,387,413,387,0
7-Nov-23,Sales Delivery,Transtec Mosquito Bat,1,3000,412,387,1
7-Nov-23,Sales Delivery,Transtec Mosquito Bat,1,387,411,387,0
7-Nov-23,Sales Delivery,Transtec Mosquito Bat,1,387,410,387,0
10-Nov-23,Sales Delivery,Transtec Mosquito Bat,1,387,409,387,0
15-Nov-23,Sales Delivery,Transtec Mosquito Bat,9,387,400,387,0
18-Nov-23,Sales Delivery,Transtec Mosquito Bat,2,387,398,387,0
18-Nov-23,Sales Delivery,Transtec Mosquito Bat,1,387,397,387,0
22-Nov-23,Sales Delivery,Transtec Mosquito Bat,1,387,396,387,0
22-Nov-23,Sales Delivery,Transtec Mosquito Bat,1,387,395,387,0
24-Nov-23,Sales Delivery,Transtec Mosquito Bat,1,387,394,387,0
26-Nov-23,Sales Delivery,Transtec Mosquito Bat,1,387,393,387,0
27-Nov-23,Sales Delivery,Transtec Mosquito Bat,1,387,392,387,0
30-Nov-23,Sales Delivery,Transtec Mosquito Bat,1,387,391,387,0
1-Dec-23,Sales Delivery,Transtec Mosquito Bat,1,387,390,387,0
3-Dec-23,Sales Delivery,Transtec Mosquito Bat,1,387,389,387,0
8-Dec-23,Sales Delivery,Transtec Mosquito Bat,1,387,388,387,0
18-Dec-23,Sales Delivery,Transtec Mosquito Bat,1,387,387,387,0
19-Dec-23,Sales Delivery,Transtec Mosquito Bat,10,387,377,387,0
20-Dec-23,Sales Delivery,Transtec Mosquito Bat,10,387,367,387,0
21-Dec-23,Sales Delivery,Transtec Mosquito Bat,1,387,366,387,0
23-Dec-23,Sales Delivery,Transtec Mosquito Bat,1,387,365,387,0
24-Dec-23,Sales Delivery,Transtec Mosquito Bat,1,387,364,387,0
30-Dec-23,Sales Delivery,Transtec Mosquito Bat,1,387,363,387,0
4-Jan-24,Sales Delivery,Transtec Mosquito Bat,1,387,362,387,0
13-Jan-24,Sales Delivery,Transtec Mosquito Bat,1,387,361,387,0
15-Jan-24,Sales Delivery,Transtec Mosquito Bat,10,387,351,387,0
8-Feb-24,Sales Delivery,Transtec Mosquito Bat,3,387,348,387,0
13-Feb-24,Sales Return,Transtec Mosquito Bat,1,386,349,387,0
14-Feb-24,Sales Return,Transtec Mosquito Bat,1,386,350,387,0
23-Feb-24,Sales Delivery,Transtec Mosquito Bat,1,387,359,387,0
26-Feb-24,Sales Delivery,Transtec Mosquito Bat,1,387,358,387,0
1-Mar-24,Sales Delivery,Transtec Mosquito Bat,1,387,357,387,0
4-Mar-24,Sales Delivery,Transtec Mosquito Bat,1,387,356,387,0
4-Mar-24,Sales Delivery,Transtec Mosquito Bat,1,387,355,387,0
5-Mar-24,Sales Delivery,Transtec Mosquito Bat,1,387,354,387,0
6-Mar-24,Sales Delivery,Transtec Mosquito Bat,1,387,353,387,0
7-Mar-24,Sales Delivery,Transtec Mosquito Bat,2,387,351,387,0
14-Mar-24,Sales Delivery,Transtec Mosquito Bat,1,387,350,387,0
18-Mar-24,Sales Delivery,Transtec Mosquito Bat,1,387,349,387,0
18-Mar-24,Sales Delivery,Transtec Mosquito Bat,1,387,348,387,0
20-Mar-24,Sales Delivery,Transtec Mosquito Bat,1,387,347,387,0
21-Mar-24,Sales Delivery,Transtec Mosquito Bat,2,387,345,387,0
22-Mar-24,Sales Delivery,Transtec Mosquito Bat,1,387,344,387,0
27-Mar-24,Sales Delivery,Transtec Mosquito Bat,1,387,343,387,0
29-Mar-24,Sales Delivery,Transtec Mosquito Bat,1,387,342,387,0
30-Mar-24,Sales Delivery,Transtec Mosquito Bat,1,387,341,387,0
1-Apr-24,Sales Delivery,Transtec Mosquito Bat,1,387,340,387,0
1-Apr-24,Sales Delivery,Transtec Mosquito Bat,1,387,339,387,0
4-Apr-24,Sales Delivery,Transtec Mosquito Bat,1,387,338,387,0
5-Apr-24,Sales Delivery,Transtec Mosquito Bat,1,387,337,387,0
5-Apr-24,Sales Delivery,Transtec Mosquito Bat,2,387,335,387,0
6-Apr-24,Sales Delivery,Transtec Mosquito Bat,10,387,325,387,0
6-Apr-24,Sales Delivery,Transtec Mosquito Bat,1,387,324,387,0
7-Apr-24,Sales Delivery,Transtec Mosquito Bat,20,387,304,387,0
7-Apr-24,Sales Delivery,Transtec Mosquito Bat,40,387,264,387,0
7-Apr-24,Sales Delivery,Transtec Mosquito Bat,10,3870,254,387,1
9-Apr-24,Sales Delivery,Transtec Mosquito Bat,1,387,253,387,0
9-Apr-24,Sales Delivery,Transtec Mosquito Bat,1,387,252,387,0
10-Apr-24,Sales Delivery,Transtec Mosquito Bat,1,387,251,387,0
10-Apr-24,Sales Delivery,Transtec Mosquito Bat,1,387,250,387,0
10-Apr-24,Sales Delivery,Transtec Mosquito Bat,1,387,249,387,0
16-Apr-24,Sales Delivery,Transtec Mosquito Bat,1,387,248,387,0
17-Apr-24,Sales Delivery,Transtec Mosquito Bat,1,387,247,387,0
28-Apr-24,Sales Delivery,Transtec Mosquito Bat,20,387,227,387,0
30-Apr-24,Sales Delivery,Transtec Mosquito Bat,10,387,217,387,0
11-May-24,Sales Delivery,Transtec Mosquito Bat,1,387,216,387,0
21-May-24,Sales Delivery,Transtec Mosquito Bat,1,387,215,387,0
14-Jun-24,Sales Delivery,Transtec Mosquito Bat,1,387,214,387,0
15-Jun-24,Sales Delivery,Transtec Mosquito Bat,1,387,213,387,0
15-Jun-24,Sales Delivery,Transtec Mosquito Bat,1,387,212,387,0
26-Jun-24,Sales Delivery,Transtec Mosquito Bat,1,387,211,387,0
26-Jun-24,Sales Delivery,Transtec Mosquito Bat,20,387,191,387,0
27-Jun-24,Sales Delivery,Transtec Mosquito Bat,1,387,190,387,0
7-Jul-24,Sales Delivery,Transtec Mosquito Bat,1,387,189,387,0
29-Jul-24,Sales Delivery,Transtec Mosquito Bat,20,387,169,387,0
17-Sep-24,Sales Delivery,Transtec Mosquito Bat,1,387,168,387,0
19-Sep-24,Sales Return,Transtec Mosquito Bat,5,386,173,387,0
27-Oct-24,Sales Delivery,Transtec Mosquito Bat,1,387,172,387,0
23-Nov-24,Sales Delivery,Transtec Mosquito Bat,1,387,171,387,0
30-Nov-24,Sales Delivery,Transtec Mosquito Bat,1,387,170,387,0
5-Dec-24,Sales Delivery,Transtec Mosquito Bat,1,387,169,387,0
9-Dec-24,Sales Delivery,Transtec Mosquito Bat,1,387,168,387,0
15-Dec-24,Sales Delivery,Transtec Mosquito Bat,1,387,167,387,0
19-Dec-24,Sales Delivery,Transtec Mosquito Bat,1,387,166,387,0
28-Dec-24,Sales Delivery,Transtec Mosquito Bat,1,387,165,387,0
29-Dec-24,Sales Delivery,Transtec Mosquito Bat,1,387,164,387,0
8-Jan-25,Sales Delivery,Transtec Mosquito Bat,1,387,163,387,0
8-Jan-25,Sales Delivery,Transtec Mosquito Bat,1,387,162,387,0
10-Jan-25,Sales Delivery,Transtec Mosquito Bat,1,387,161,387,0
16-Jan-25,Sales Delivery,Transtec Mosquito Bat,10,387,151,387,0
27-Jan-25,Sales Delivery,Transtec Mosquito Bat,2,387,149,387,0
1-Feb-25,Sales Delivery,Transtec Mosquito Bat,1,3000,148,387,1
15-Feb-25,Sales Delivery,Transtec Mosquito Bat,1,387,147,387,0
15-Feb-25,Sales Delivery,Transtec Mosquito Bat,1,387,146,387,0
16-Feb-25,Sales Delivery,Transtec Mosquito Bat,1,3000,145,387,1
21-Feb-25,Sales Delivery,Transtec Mosquito Bat,1,387,144,387,0
21-Feb-25,Sales Delivery,Transtec Mosquito Bat,1,387,143,387,0
22-Feb-25,Sales Delivery,Transtec Mosquito Bat,1,387,142,387,0
27-Feb-25,Sales Delivery,Transtec Mosquito Bat,1,3000,141,387,1
27-Feb-25,Sales Delivery,Transtec Mosquito Bat,1,387,140,387,0
5-Mar-25,Sales Delivery,Transtec Mosquito Bat,1,387,139,387,0
5-Mar-25,Sales Delivery,Transtec Mosquito Bat,1,387,138,387,0
9-Mar-25,Sales Delivery,Transtec Mosquito Bat,1,3000,137,387,1
19-Mar-24,Direct Purchase,Simaju Royal,100,2250,100,2250,0
20-Mar-24,Sales Delivery,Simaju Royal,4,2250,96,2250,0
23-Mar-24,Sales Delivery,Simaju Royal,1,2250,95,2250,0
29-Mar-24,Sales Delivery,Simaju Royal,1,2250,94,2250,0
3-Apr-24,Sales Delivery,Simaju Royal,1,2250,93,2250,0
3-Apr-24,Sales Delivery,Simaju Royal,1,2250,92,2250,0
6-Apr-24,Sales Delivery,Simaju Royal,3,2250,89,2250,0
7-Apr-24,Sales Delivery,Simaju Royal,1,2250,88,2250,0
8-Apr-24,Sales Delivery,Simaju Royal,1,2250,87,2250,0
16-Apr-24,Sales Delivery,Simaju Royal,4,2250,83,2250,0
17-Apr-24,Sales Delivery,Simaju Royal,1,2250,82,2250,0
17-Apr-24,Sales Delivery,Simaju Royal,1,2250,81,2250,0
17-Apr-24,Sales Return,Simaju Royal,1,2250,82,2250,0
18-Apr-24,Sales Delivery,Simaju Royal,1,2250,81,2250,0
20-Apr-24,Sales Delivery,Simaju Royal,1,2250,80,2250,0
20-Apr-24,Sales Delivery,Simaju Royal,1,2250,79,2250,0
21-Apr-24,Sales Delivery,Simaju Royal,1,2250,78,2250,0
21-Apr-24,Sales Delivery,Simaju Royal,1,2250,78,2250,0
22-Apr-24,Sales Delivery,Simaju Royal,1,2250,77,2250,0
22-Apr-24,Sales Delivery,Simaju Royal,1,2250,76,2250,0
23-Apr-24,Sales Delivery,Simaju Royal,1,2250,75,2250,0
26-Apr-24,Sales Delivery,Simaju Royal,1,2250,74,2250,0
26-Apr-24,Sales Delivery,Simaju Royal,1,2250,73,2250,0
29-Apr-24,Sales Delivery,Simaju Royal,1,2250,72,2250,0
3-May-24,Sales Delivery,Simaju Royal,1,2250,71,2250,0
4-May-24,Sales Delivery,Simaju Royal,1,2250,70,2250,0
4-May-24,Sales Delivery,Simaju Royal,1,2250,69,2250,0
4-May-24,Sales Delivery,Simaju Royal,1,2250,69,2250,0
4-May-24,Sales Delivery,Simaju Royal,1,2250,68,2250,0
7-May-24,Sales Delivery,Simaju Royal,1,2250,67,2250,0
17-May-24,Sales Delivery,Simaju Royal,1,100,66,2250,1
21-May-24,Direct Purchase,Simaju Royal,100,2250,166,2250,0
3-Jun-24,Sales Delivery,Simaju Royal,3,2250,163,2250,0
4-Jun-24,Sales Delivery,Simaju Royal,1,2250,162,2250,0
6-Jun-24,Sales Delivery,Simaju Royal,1,2250,161,2250,0
7-Jun-24,Sales Delivery,Simaju Royal,1,2250,160,2250,0
12-Jun-24,Sales Delivery,Simaju Royal,1,2250,159,2250,0
14-Jun-24,Sales Delivery,Simaju Royal,1,2250,158,2250,0
8-Jul-24,Sales Delivery,Simaju Royal,1,2250,157,2250,0
26-Jul-24,Sales Delivery,Simaju Royal,3,100,154,2250,1
1-Aug-24,Sales Delivery,Simaju Royal,1,2250,153,2250,0
2-Aug-24,Sales Delivery,Simaju Royal,1,2250,152,2250,0
24-Aug-24,Sales Delivery,Simaju Royal,1,2250,151,2250,0
30-Aug-24,Sales Delivery,Simaju Royal,1,2250,150,2250,0
5-Sep-24,Sales Delivery,Simaju Royal,1,2250,149,2250,0
5-Sep-24,Sales Delivery,Simaju Royal,1,2250,148,2250,0
11-Sep-24,Sales Delivery,Simaju Royal,1,2250,147,2250,0
17-Sep-24,Sales Delivery,Simaju Royal,1,2250,146,2250,0
23-Sep-24,Sales Delivery,Simaju Royal,1,2250,145,2250,0
2-Oct-24,Sales Delivery,Simaju Royal,1,2250,144,2250,0
3-Oct-24,Sales Delivery,Simaju Royal,1,2250,143,2250,0
4-Oct-24,Sales Delivery,Simaju Royal,1,2250,142,2250,0
4-Oct-24,Sales Delivery,Simaju Royal,1,2250,141,2250,0
18-Oct-24,Sales Delivery,Simaju Royal,1,2250,141,2250,0
18-Oct-24,Sales Delivery,Simaju Royal,1,2250,140,2250,0
29-Oct-24,Sales Delivery,Simaju Royal,5,22500,135,2250,1
30-Oct-24,Sales Delivery,Simaju Royal,1,2250,134,2250,0
1-Nov-24,Sales Delivery,Simaju Royal,1,2250,133,2250,0
2-Nov-24,Sales Delivery,Simaju Royal,1,2250,132,2250,0
3-Nov-24,Sales Delivery,Simaju Royal,4,2250,128,2250,0
22-Nov-24,Sales Delivery,Simaju Royal,1,2250,127,2250,0
27-Jan-25,Sales Delivery,Simaju Royal,1,2250,126,2250,0
2-Feb-25,Sales Delivery,Simaju Royal,1,2250,125,2250,0
3-Feb-25,Sales Delivery,Simaju Royal,1,2250,124,2250,0
3-Feb-25,Sales Delivery,Simaju Royal,1,2250,123,2250,0
4-Feb-25,Sales Delivery,Simaju Royal,1,2250,122,2250,0
6-Feb-25,Sales Delivery,Simaju Royal,1,22500,121,2250,1
7-Feb-25,Sales Delivery,Simaju Royal,1,2250,120,2250,0
13-Feb-25,Sales Delivery,Simaju Royal,2,2250,118,2250,0
20-Feb-25,Sales Delivery,Simaju Royal,2,100,116,2250,1
22-Feb-25,Sales Delivery,Simaju Royal,1,2250,115,2250,0
25-Feb-25,Sales Delivery,Simaju Royal,1,2250,114,2250,0
25-Feb-25,Sales Delivery,Simaju Royal,1,2250,113,2250,0
28-Feb-25,Sales Delivery,Simaju Royal,1,2250,112,2250,0
3-Mar-25,Sales Delivery,Simaju Royal,1,2250,11,2250,1
4-Mar-25,Sales Delivery,Simaju Royal,2,2250,9,2250,0
5-Mar-25,Sales Delivery,Simaju Royal,1,2250,8,2250,0
10-Mar-25,Sales Delivery,Simaju Royal,2,2250,6,2250,0
9-Oct-23,Direct Purchase,Pipe Clamp,6,5,6,5,0
26-Oct-23,Direct Purchase,Pipe Clamp,12,7,18,6.3,0
7-Nov-23,Sales Delivery,Pipe Clamp,2,6.3,16,6.3,0
24-Nov-23,Sales Delivery,Pipe Clamp,2,6.3,14,6.3,0
6-Dec-23,Sales Delivery,Pipe Clamp,2,6.3,12,6.3,0
26-Jan-24,Sales Delivery,Pipe Clamp,2,6.3,10,6.3,0
26-Feb-24,Sales Delivery,Pipe Clamp,2,6.3,8,6.3,0
4-Mar-24,Direct Purchase,Pipe Clamp,20,6,28,6.1,0
12-Mar-24,Sales Delivery,Pipe Clamp,1,6.1,27,6.1,0
14-Mar-24,Sales Delivery,Pipe Clamp,2,6.1,25,6.1,0
28-Apr-24,Sales Delivery,Pipe Clamp,2,6.1,23,6.1,0
15-May-24,Sales Delivery,Pipe Clamp,2,6.1,21,6.1,0
18-May-24,Sales Delivery,Pipe Clamp,2,6.1,19,6.1,0
20-May-24,Sales Delivery,Pipe Clamp,2,6.1,17,6.1,0
31-May-24,Sales Delivery,Pipe Clamp,2,60,15,60,1
1-Jun-24,Sales Delivery,Pipe Clamp,2,60,13,60,0
4-Jun-24,Sales Delivery,Pipe Clamp,2,60,11,60,0
13-Jun-24,Sales Delivery,Pipe Clamp,1,60,10,60,0
16-Jun-24,Sales Delivery,Pipe Clamp,2,100,8,6.1,1
27-Jun-24,Sales Delivery,Pipe Clamp,2,6.1,6,6.1,0
28-Jun-24,Sales Delivery,Pipe Clamp,1,6.1,5,6.1,0
30-Jun-24,Direct Purchase,Pipe Clamp,95,4.21,100,4.3,0
4-Jul-24,Sales Delivery,Pipe Clamp,2,4.3,98,4.3,0
4-Jul-24,Sales Delivery,Pipe Clamp,2,4.3,96,4.3,0
5-Jul-24,Sales Delivery,Pipe Clamp,2,4.3,94,4.3,0
7-Jul-24,Sales Delivery,Pipe Clamp,2,4.3,92,4.3,0
7-Jul-24,Sales Delivery,Pipe Clamp,2,4.3,90,4.3,0
15-Jul-24,Sales Delivery,Pipe Clamp,2,4.3,88,4.3,0
16-Jul-24,Sales Delivery,Pipe Clamp,2,4.3,86,4.3,0
26-Jul-24,Sales Delivery,Pipe Clamp,2,4.3,84,4.3,0
7-Aug-24,Sales Delivery,Pipe Clamp,2,50,82,4.3,1
11-Aug-24,Sales Delivery,Pipe Clamp,2,4.3,80,4.3,0
17-Aug-24,Sales Delivery,Pipe Clamp,2,4.3,78,4.3,0
26-Aug-24,Sales Delivery,Pipe Clamp,2,4.3,76,4.3,0
27-Aug-24,Sales Delivery,Pipe Clamp,2,4.3,74,4.3,0
29-Aug-24,Sales Delivery,Pipe Clamp,2,4.3,72,4.3,0
5-Sep-24,Sales Delivery,Pipe Clamp,2,4.3,70,4.3,0
6-Sep-24,Sales Delivery,Pipe Clamp,2,4.3,68,4.3,0
11-Sep-24,Sales Delivery,Pipe Clamp,2,4.3,66,4.3,0
19-Sep-24,Sales Delivery,Pipe Clamp,2,4.3,64,4.3,0
24-Sep-24,Sales Delivery,Pipe Clamp,2,60,62,4.3,1
25-Sep-24,Sales Delivery,Pipe Clamp,2,4.3,60,4.3,0
18-Oct-24,Sales Delivery,Pipe Clamp,2,4.3,58,4.3,0
29-Oct-24,Sales Delivery,Pipe Clamp,2,4.3,56,4.3,0
2-Nov-24,Sales Delivery,Pipe Clamp,2,4.3,54,4.3,0
16-Nov-24,Sales Delivery,Pipe Clamp,2,4.3,52,4.3,0
20-Nov-24,Sales Delivery,Pipe Clamp,2,4.3,50,4.3,0
1-Dec-24,Sales Delivery,Pipe Clamp,2,4.3,48,4.3,0
3-Dec-24,Sales Delivery,Pipe Clamp,2,4.3,46,4.3,0
26-Dec-24,Sales Delivery,Pipe Clamp,2,4.3,44,4.3,0
11-Jan-25,Sales Delivery,Pipe Clamp,2,4.3,42,4.3,0
12-Jan-25,Sales Delivery,Pipe Clamp,1,4.3,41,4.3,0
14-Jan-25,Sales Delivery,Pipe Clamp,2,4.3,39,4.3,0
4-Feb-25,Sales Delivery,Pipe Clamp,2,4.3,37,4.3,0
6-Feb-25,Sales Delivery,Pipe Clamp,2,0,35,0,1
15-Feb-25,Sales Delivery,Pipe Clamp,2,0,33,0,1
21-Feb-25,Sales Delivery,Pipe Clamp,2,0,31,0,1
22-Feb-25,Sales Delivery,Pipe Clamp,2,0,29,0,1
2-Mar-25,Sales Delivery,Pipe Clamp,2,0,27,0,1
3-Mar-25,Sales Delivery,Pipe Clamp,2,0,25,0,1
5-Mar-25,Sales Delivery,Pipe Clamp,2,0,23,0,1
8-Mar-25,Sales Delivery,Pipe Clamp,2,0,21,0,1
9-Oct-23,Direct Purchase,LPG Gas Pipe,2,40,2,40,0
19-Oct-23,Sales Delivery,LPG Gas Pipe,1,40,1,40,0
26-Oct-23,Direct Purchase,LPG Gas Pipe,5,50,6,48.33,0
28-Oct-23,Sales Delivery,LPG Gas Pipe,1,48.33,5,48.33,0
5-Nov-23,Sales Delivery,LPG Gas Pipe,2,48.33,3,48.33,0
7-Nov-23,Sales Delivery,LPG Gas Pipe,1,48.33,2,48.33,0
24-Nov-23,Sales Delivery,LPG Gas Pipe,1,48.33,1,48.33,0
6-Dec-23,Sales Delivery,LPG Gas Pipe,1,48.33,0,0,0
4-Mar-24,Direct Purchase,LPG Gas Pipe,36,36,36,36,0
14-Mar-24,Sales Delivery,LPG Gas Pipe,1,36,35,36,0
28-Apr-24,Sales Delivery,LPG Gas Pipe,1,36,34,36,0
15-May-24,Sales Delivery,LPG Gas Pipe,1,36,33,36,0
18-May-24,Sales Delivery,LPG Gas Pipe,1,300,32,36,1
20-May-24,Sales Delivery,LPG Gas Pipe,1,36,31,36,0
31-May-24,Sales Delivery,LPG Gas Pipe,1,36,30,36,0
1-Jun-24,Sales Delivery,LPG Gas Pipe,1,36,29,36,0
4-Jun-24,Sales Delivery,LPG Gas Pipe,1,36,28,36,0
16-Jun-24,Sales Delivery,LPG Gas Pipe,1,36,27,36,0
27-Jun-24,Sales Delivery,LPG Gas Pipe,1,36,26,36,0
28-Jun-24,Sales Delivery,LPG Gas Pipe,1,36,25,36,0
4-Jul-24,Sales Delivery,LPG Gas Pipe,1,36,24,36,0
4-Jul-24,Sales Delivery,LPG Gas Pipe,1,36,23,36,0
5-Jul-24,Sales Delivery,LPG Gas Pipe,1,500,22,36,1
7-Jul-24,Sales Delivery,LPG Gas Pipe,1,36,21,36,0
7-Jul-24,Sales Delivery,LPG Gas Pipe,1,36,20,36,0
16-Jul-24,Sales Delivery,LPG Gas Pipe,1,36,19,36,0
26-Jul-24,Sales Delivery,LPG Gas Pipe,1,36,18,36,0
7-Aug-24,Sales Delivery,LPG Gas Pipe,1,36,17,36,0
11-Aug-24,Sales Delivery,LPG Gas Pipe,1,36,16,36,0
17-Aug-24,Sales Delivery,LPG Gas Pipe,1,36,15,36,0
26-Aug-24,Sales Delivery,LPG Gas Pipe,1,36,14,36,0
27-Aug-24,Sales Delivery,LPG Gas Pipe,1,36,13,36,0
29-Aug-24,Sales Delivery,LPG Gas Pipe,1,360,12,36,1
5-Sep-24,Sales Delivery,LPG Gas Pipe,1,36,11,36,0
6-Sep-24,Sales Delivery,LPG Gas Pipe,1,36,10,36,0
11-Sep-24,Sales Delivery,LPG Gas Pipe,1,36,9,36,0
24-Sep-24,Sales Delivery,LPG Gas Pipe,1,36,8,36,0
25-Sep-24,Sales Delivery,LPG Gas Pipe,1,36,7,36,0
18-Oct-24,Sales Delivery,LPG Gas Pipe,1,36,6,36,0
29-Oct-24,Sales Delivery,LPG Gas Pipe,1,36,5,36,0
2-Nov-24,Sales Delivery,LPG Gas Pipe,1,36,4,36,0
16-Nov-24,Sales Delivery,LPG Gas Pipe,1,36,3,36,0
20-Nov-24,Sales Delivery,LPG Gas Pipe,1,0,2,0,1
1-Dec-24,Sales Delivery,LPG Gas Pipe,1,0,1,0,1
3-Dec-24,Sales Delivery,LPG Gas Pipe,1,36,0,0,0
13-Jan-25,Direct Purchase,LPG Gas Pipe,32,39.07,32,39.07,0
14-Jan-25,Sales Delivery,LPG Gas Pipe,1,39.07,31,39.07,0
4-Feb-25,Sales Delivery,LPG Gas Pipe,1,39.07,30,39.07,0
6-Feb-25,Sales Delivery,LPG Gas Pipe,1,39.07,29,39.07,0
15-Feb-25,Sales Delivery,LPG Gas Pipe,1,39.07,28,39.07,0
21-Feb-25,Sales Delivery,LPG Gas Pipe,1,39.07,27,39.07,0
22-Feb-25,Sales Delivery,LPG Gas Pipe,1,39.07,26,39.07,0
2-Mar-25,Sales Delivery,LPG Gas Pipe,1,39.07,25,39.07,0
3-Mar-25,Sales Delivery,LPG Gas Pipe,1,39.07,24,39.07,0
8-Mar-25,Sales Delivery,LPG Gas Pipe,1,39.07,23,39.07,0
23-Apr-24,Direct Purchase,Dengue NS,2,2000,2,2000,1
23-Apr-24,Sales Delivery,Dengue NS,2,2000,0,2000,1
4-Jun-24,Direct Purchase,Dengue NS,7,1760,7,1760,1
23-Jun-24,Direct Purchase,Dengue NS,25,1760,25,1760,1
23-Jun-24,Sales Delivery,Dengue NS,1,1760,31,1760,1
24-Jun-24,Sales Delivery,Dengue NS,25,1760,6,1760,1
9-Jul-24,Direct Purchase,Dengue NS,25,1720,31,1727.74,1
10-Jul-24,Sales Delivery,Dengue NS,25,1727.74,6,1727.74,1
22-Jul-24,Sales Delivery,Dengue NS,1,1727.74,5,1727.74,1
2-Aug-24,Sales Delivery,Dengue NS,1,1727.74,4,1727.74,1
5-Aug-24,Sales Delivery,Dengue NS,1,1727.74,3,1727.74,1
5-Aug-24,Sales Delivery,Dengue NS,1,1727.74,2,1727.74,1
11-Aug-24,Sales Delivery,Dengue NS,1,1727.74,1,1727.74,1
20-Aug-24,Sales Delivery,Dengue NS,1,1727.74,0,1727.74,1
21-Aug-24,Direct Purchase,Dengue NS,4,1800,4,1800,1
26-Aug-24,Sales Delivery,Dengue NS,1,1800,3,1800,1
5-Sep-24,Sales Delivery,Dengue NS,1,1800,2,1800,1
15-Sep-24,Sales Delivery,Dengue NS,1,1800,1,1800,1
15-Sep-24,Sales Delivery,Dengue NS,1,1800,0,1800,1
25-Sep-24,Direct Purchase,Dengue NS,7,1520,7,1520,1
28-Sep-24,Sales Delivery,Dengue NS,2,1520,5,1520,1
4-Oct-24,Sales Delivery,Dengue NS,2,1520,3,1520,1
5-Oct-24,Sales Delivery,Dengue NS,2,1520,1,1520,1
7-Oct-24,Direct Purchase,Dengue NS,6,1520,7,1520,1
11-Oct-24,Sales Delivery,Dengue NS,2,1520,5,1520,1
15-Oct-24,Sales Delivery,Dengue NS,3,1520,2,1520,1
15-Oct-24,Direct Purchase,Dengue NS,2,1420,4,1470,1
17-Oct-24,Direct Purchase,Dengue NS,7,1520,11,1501.82,1
22-Oct-24,Sales Delivery,Dengue NS,2,1501.82,9,1501.82,1
22-Oct-24,Sales Delivery,Dengue NS,1,1501.82,8,1501.82,1
26-Oct-24,Sales Delivery,Dengue NS,2,1501.82,6,1501.82,1
29-Oct-24,Sales Delivery,Dengue NS,1,1501.82,5,1501.82,1
4-Nov-24,Sales Delivery,Dengue NS,1,1501.82,4,1501.82,1
8-Nov-24,Direct Purchase,Dengue NS,8,1480,12,1487.27,1
8-Nov-24,Sales Delivery,Dengue NS,2,1487.27,10,1487.27,1
10-Nov-24,Sales Delivery,Dengue NS,1,1487.27,9,1487.27,1
10-Nov-24,Sales Delivery,Dengue NS,2,1487.27,7,1487.27,1
12-Nov-24,Sales Delivery,Dengue NS,2,1487.27,5,1487.27,1
13-Nov-24,Direct Purchase,Dengue NS,5,1480,10,1483.64,1
17-Nov-24,Sales Delivery,Dengue NS,2,1483.64,8,1483.64,1
18-Nov-24,Sales Delivery,Dengue NS,2,1483.64,6,1483.64,1
25-Nov-24,Sales Delivery,Dengue NS,2,1483.64,4,1483.64,1
30-Nov-24,Sales Delivery,Dengue NS,2,1483.64,2,1483.64,1
1-Dec-24,Sales Delivery,Dengue NS,2,1483.64,0,0,1
2-Dec-24,Direct Purchase,Dengue NS,5,1480,5,1480,1
4-Dec-24,Sales Delivery,Dengue NS,2,1480,3,1480,1
7-Dec-24,Direct Purchase,Dengue NS,4,1480,7,1480,1
7-Dec-24,Sales Delivery,Dengue NS,2,1480,5,1480,1
10-Dec-24,Sales Delivery,Dengue NS,2,1480,3,1480,1
10-Dec-24,Sales Delivery,Dengue NS,2,1480,1,1480,1
23-Dec-24,Sales Delivery,Dengue NS,1,1480,0,0,1
26-Dec-24,Direct Purchase,Dengue NS,4,1480,4,1480,1
28-Dec-24,Direct Purchase,Dengue NS,1,1120,5,1408,1
23-Jan-25,Sales Delivery,Dengue NS,1,1408,4,1408,1
30-Jan-25,Sales Delivery,Dengue NS,1,1408,3,1408,1
12-Feb-25,Sales Delivery,Dengue NS,1,1408,2,1408,1
18-Feb-25,Sales Delivery,Dengue NS,1,1408,1,1408,1
22-Feb-25,Direct Purchase,Dengue NS,2,1480,3,1456,1
28-Feb-25,Sales Delivery,Dengue NS,1,1456,2,1456,1
1-Mar-25,Sales Delivery,Dengue NS,1,1456,1,1456,1
8-Jan-24,Opening Stock,TSH-Finepot,3,3250,3,3250,0
9-Jan-24,Sales Delivery,TSH-Finepot,1,3250,2,3250,0
9-Jan-24,Sales Delivery,TSH-Finepot,1,3250,2,3250,0
10-Jan-24,Sales Delivery,TSH-Finepot,1,3250,1,3250,0
10-Jan-24,Direct Purchase,TSH-Finepot,3,3250,4,3250,0
21-Feb-24,Sales Delivery,TSH-Finepot,1,3250,3,3250,0
26-Feb-24,Sales Delivery,TSH-Finepot,2,3250,1,3250,0
27-Feb-24,Direct Purchase,TSH-Finepot,5,3250,6,3250,0
28-Feb-24,Sales Delivery,TSH-Finepot,3,3250,3,3250,0
1-Mar-24,Sales Delivery,TSH-Finepot,1,3250,2,3250,0
5-Mar-24,Sales Delivery,TSH-Finepot,1,3250,1,3250,0
6-Mar-24,Sales Delivery,TSH-Finepot,1,3250,0,3250,0
10-Mar-24,Direct Purchase,TSH-Finepot,6,3250,6,3250,0
10-Mar-24,Sales Delivery,TSH-Finepot,2,3250,4,3250,0
19-Mar-24,Sales Delivery,TSH-Finepot,2,3250,2,3250,0
28-Mar-24,Sales Delivery,TSH-Finepot,1,3250,1,3250,0
20-Apr-24,Sales Delivery,TSH-Finepot,1,3250,0,3250,0
21-Apr-24,Direct Purchase,TSH-Finepot,6,3250,6,3250,0
21-Apr-24,Sales Delivery,TSH-Finepot,1,3250,5,3250,0
21-Apr-24,Sales Delivery,TSH-Finepot,1,3250,4,3250,0
23-Apr-24,Sales Delivery,TSH-Finepot,2,3250,2,3250,0
13-May-24,Direct Purchase,TSH-Finepot,2,3250,4,3250,0
20-May-24,Sales Delivery,TSH-Finepot,2,3250,2,3250,0
25-May-24,Direct Purchase,TSH-Finepot,1,3500,3,3333.33,0
31-May-24,Sales Delivery,TSH-Finepot,1,3333.33,2,3333.33,0
2-Jun-24,Sales Delivery,TSH-Finepot,2,3333.33,0,3333.33,0
2-Jun-24,Direct Purchase,TSH-Finepot,3,3250,3,3250,0
13-Jun-24,Direct Purchase,TSH-Finepot,2,3250,5,3250,0
23-Jun-24,Sales Delivery,TSH-Finepot,1,3250,4,3250,0
27-Jun-24,Sales Delivery,TSH-Finepot,1,3250,3,3250,0
5-Jul-24,Sales Delivery,TSH-Finepot,2,3250,1,3250,0
5-Jul-24,Sales Delivery,TSH-Finepot,1,3250,0,3250,0
9-Jul-24,Direct Purchase,TSH-Finepot,5,3100,5,3100,0
10-Jul-24,Sales Delivery,TSH-Finepot,2,3100,3,3100,0
23-Jul-24,Sales Delivery,TSH-Finepot,1,3100,2,3100,0
25-Jul-24,Sales Delivery,TSH-Finepot,1,3100,1,3100,0
28-Jul-24,Direct Purchase,TSH-Finepot,2,3250,3,3200,0
3-Aug-24,Sales Delivery,TSH-Finepot,1,3200,2,3200,0
8-Aug-24,Direct Purchase,TSH-Finepot,4,3250,6,3233.33,0
8-Aug-24,Sales Delivery,TSH-Finepot,1,3233.33,5,3233.33,0
10-Aug-24,Sales Delivery,TSH-Finepot,1,3233.33,4,3233.33,0
27-Aug-24,Sales Delivery,TSH-Finepot,1,3233.33,3,3233.33,0
29-Aug-24,Sales Delivery,TSH-Finepot,1,3233.33,2,3233.33,0
1-Sep-24,Sales Delivery,TSH-Finepot,1,3233.33,1,3233.33,0
3-Sep-24,Sales Delivery,TSH-Finepot,1,3233.33,0,3233.33,0
3-Sep-24,Direct Purchase,TSH-Finepot,4,3250,4,3250,0
4-Sep-24,Sales Delivery,TSH-Finepot,1,3250,3,3250,0
8-Sep-24,Direct Purchase,TSH-Finepot,5,3000,8,3093.75,0
10-Sep-24,Sales Delivery,TSH-Finepot,2,3093.75,6,3093.75,0
13-Sep-24,Direct Purchase,TSH-Finepot,5,3000,11,3051.14,0
28-Sep-24,Sales Delivery,TSH-Finepot,2,3051.14,9,3051.14,0
29-Sep-24,Sales Delivery,TSH-Finepot,1,3051.14,8,3051.14,0
2-Oct-24,Sales Delivery,TSH-Finepot,1,3051.14,7,3051.14,0
4-Oct-24,Sales Delivery,TSH-Finepot,1,3051.14,4,3051.14,0
5-Oct-24,Sales Delivery,TSH-Finepot,2,3051.14,5,3051.14,0
7-Oct-24,Direct Purchase,TSH-Finepot,5,2900,9,2967.17,0
10-Oct-24,Sales Delivery,TSH-Finepot,2,2967.17,7,2967.17,0
18-Oct-24,Sales Delivery,TSH-Finepot,1,2967.17,6,2967.17,0
22-Oct-24,Sales Delivery,TSH-Finepot,1,2967.17,5,2967.17,0
22-Oct-24,Sales Delivery,TSH-Finepot,3,2967.17,2,2967.17,0
23-Oct-24,Sales Delivery,TSH-Finepot,1,2967.17,1,2967.17,0
23-Oct-24,Direct Purchase,TSH-Finepot,7,2700,8,2733.4,0
24-Oct-24,Direct Purchase,TSH-Finepot,5,2800,13,2759.01,0
4-Nov-24,Sales Delivery,TSH-Finepot,3,2759.01,10,2759.01,0
5-Nov-24,Direct Purchase,TSH-Finepot,7,2750,17,2755.3,0
11-Nov-24,Sales Delivery,TSH-Finepot,3,2755.3,14,2755.3,0
13-Nov-24,Sales Delivery,TSH-Finepot,2,2755.3,12,2755.3,0
14-Nov-24,Sales Delivery,TSH-Finepot,1,2755.3,11,2755.3,0
22-Nov-24,Sales Delivery,TSH-Finepot,1,2755.3,10,2755.3,0
25-Nov-24,Direct Purchase,TSH-Finepot,5,2700,15,2736.87,0
3-Dec-24,Sales Delivery,TSH-Finepot,2,2736.87,13,2736.87,0
4-Dec-24,Sales Delivery,TSH-Finepot,3,2736.87,10,2736.87,0
7-Dec-24,Direct Purchase,TSH-Finepot,6,2680,16,2715.54,0
8-Dec-24,Sales Return,TSH-Finepot,1,2715.54,17,2715.54,0
10-Dec-24,Sales Delivery,TSH-Finepot,1,2715.54,16,2715.54,0
22-Dec-24,Sales Delivery,TSH-Finepot,1,2715.54,15,2715.54,0
28-Dec-24,Sales Delivery,TSH-Finepot,1,2715.54,14,2715.54,0
1-Jan-25,Sales Delivery,TSH-Finepot,3,2715.54,11,2715.54,0
19-Jan-25,Sales Delivery,TSH-Finepot,2,2715.54,9,2715.54,0
19-Jan-25,Sales Delivery,TSH-Finepot,1,2715.54,8,2715.54,0
20-Jan-25,Sales Delivery,TSH-Finepot,2,2715.54,6,2715.54,0
23-Jan-25,Sales Delivery,TSH-Finepot,1,2715.54,5,2715.54,0
24-Jan-25,Sales Delivery,TSH-Finepot,1,2715.54,4,2715.54,0
25-Jan-25,Direct Purchase,TSH-Finepot,7,2500,11,2578.38,0
26-Jan-25,Sales Delivery,TSH-Finepot,2,2578.38,9,2578.38,0
31-Jan-25,Direct Purchase,TSH-Finepot,4,2500,13,2554.26,0
31-Jan-25,Sales Delivery,TSH-Finepot,1,2554.26,12,2554.26,0
12-Feb-25,Sales Delivery,TSH-Finepot,2,2554.26,10,2554.26,0
17-Feb-25,Sales Delivery,TSH-Finepot,3,2554.26,7,2554.26,0
19-Feb-25,Sales Delivery,TSH-Finepot,3,2554.26,4,2554.26,0
22-Feb-25,Direct Purchase,TSH-Finepot,10,2700,14,2271.43,0
27-Feb-25,Sales Delivery,TSH-Finepot,2,2271.43,12,2271.43,0
27-Feb-25,Sales Delivery,TSH-Finepot,1,2271.43,11,2271.43,0
28-Feb-25,Sales Delivery,TSH-Finepot,1,2271.43,10,2271.43,0
28-Feb-25,Sales Delivery,TSH-Finepot,1,2271.43,9,2271.43,0
1-Mar-25,Sales Delivery,TSH-Finepot,1,2271.43,8,2271.43,0
4-Mar-25,Sales Delivery,TSH-Finepot,2,2271.43,6,2271.43,0
5-Mar-25,Sales Delivery,TSH-Finepot,2,22710.43,4,2271.43,1
