DATE,DESCRIPTION,ITEMNAME,QUANTITY,UNIT COST,STOCKONHAND,RUNNINGUNITCOST,
5-Sep-22,Direct Purchase,Rowa LED TV,14,20197,24,19654.5,
21-Sep-22,Sales Delivery,Rowa LED TV,1,18861.45,18,18861.45,
1-Oct-22,Sales Delivery,Rowa LED TV,1,18861.45,17,18861.45,
5-Oct-22,Sales Delivery,Rowa LED TV,1,18861.45,16,18861.45,
31-Oct-22,Sales Delivery,Rowa LED TV,1,18861.45,15,18861.45,
9-Nov-22,Sales Delivery,Rowa LED TV,3,18861.45,10,18861.45,
22-Nov-22,Sales Delivery,Rowa LED TV,5,18861.45,5,18861.45,
5-Dec-22,Sales Delivery,Rowa LED TV,2,18861.45,13,18861.45,
18-Dec-22,Direct Purchase,Rowa LED TV,3,20197,3,20197,
22-Dec-22,Sales Delivery,Rowa LED TV,1,18861.45,4,18861.45,
18-Jan-23,Sales Delivery,Rowa LED TV,1,18861.45,20,18861.45,
29-Jan-23,Sales Delivery,Rowa LED TV,1,18861.45,19,18861.45,
30-Jan-23,Direct Purchase,Rowa LED TV,3,20197,6,20197,
31-Jan-23,Direct Purchase,Rowa LED TV,4,16942,10,18895,
2-Feb-23,Sales Delivery,Rowa LED TV,1,18861.45,22,18861.45,
5-Feb-23,Sales Delivery,Rowa LED TV,1,18861.45,21,18861.45,
2-Mar-23,Sales Delivery,Rowa LED TV,1,18861.45,24,18861.45,
27-Mar-23,Sales Delivery,Rowa LED TV,1,18861.45,23,18861.45,
5-Apr-23,Sales Delivery,Rowa LED TV,1,18861.45,1,18861.45,
15-May-23,Direct Purchase,Rowa LED TV,5,18068,37,18968.22,
18-May-23,Sales Delivery,Rowa LED TV,5,18861.45,25,18861.45,
3-Jun-23,Sales Delivery,Rowa LED TV,1,18861.45,39,18861.45,
8-Jun-23,Direct Purchase,Rowa LED TV,8,17472,32,19108.88,
13-Jun-23,Sales Delivery,Rowa LED TV,8,18861.45,31,18861.45,
18-Jun-23,Direct Purchase,Rowa LED TV,8,18630,48,18844.21,
24-Jun-23,Sales Delivery,Rowa LED TV,1,18861.45,30,18861.45,
23-Jul-23,Sales Delivery,Rowa LED TV,1,18861.45,2,18861.45,
16-Aug-23,Sales Delivery,Rowa LED TV,1,18844.21,39,18844.21,
11-Sep-23,Sales Delivery,Rowa LED TV,1,18861.45,3,18861.45,
19-Sep-23,Sales Delivery,Rowa LED TV,1,18844.21,42,18844.21,
20-Sep-23,Sales Delivery,Rowa LED TV,1,18844.21,41,18844.21,
27-Sep-23,Direct Purchase,Rowa LED TV,3,17886,40,18887.05,
5-Oct-23,Sales Delivery,Rowa LED TV,1,18844.21,45,18844.21,
15-Oct-23,Sales Delivery,Rowa LED TV,1,18844.21,46,18844.21,
27-Oct-23,Sales Delivery,Rowa LED TV,1,18844.21,47,18844.21,
4-Nov-23,Sales Delivery,Rowa LED TV,1,18844.21,44,18844.21,
9-Nov-23,Sales Delivery,Rowa LED TV,1,18844.21,43,18844.21,
16-Nov-23,Sales Delivery,Rowa LED TV,1,18844.21,40,18844.21,
19-Nov-23,Direct Purchase,Rowa LED TV,1,19534,40,18861.45,
8-Feb-24,Sales Delivery,Rowa LED TV,1,18861.45,0,18861.45,
10-May-23,Direct Purchase,Transtec Mosquito Bat,250,388,250,388,
21-May-23,Sales Delivery,Transtec Mosquito Bat,14,388,236,388,
23-May-23,Direct Purchase,Transtec Mosquito Bat,250,386,486,387,
24-May-23,Sales Delivery,Transtec Mosquito Bat,1,387,485,387,
25-May-23,Sales Delivery,Transtec Mosquito Bat,2,387,483,387,
30-May-23,Sales Delivery,Transtec Mosquito Bat,6,387,477,387,
31-May-23,Sales Delivery,Transtec Mosquito Bat,1,387,476,387,
5-Jun-23,Sales Delivery,Transtec Mosquito Bat,1,387,475,387,
7-Jun-23,Sales Delivery,Transtec Mosquito Bat,3,387,472,387,
8-Jun-23,Sales Delivery,Transtec Mosquito Bat,10,387,462,387,
17-Jun-23,Sales Delivery,Transtec Mosquito Bat,10,387,452,387,
17-Jun-23,Sales Delivery,Transtec Mosquito Bat,6,387,446,387,
20-Jul-23,Sales Delivery,Transtec Mosquito Bat,1,387,445,387,
3-Aug-23,Sales Delivery,Transtec Mosquito Bat,10,387,435,387,
5-Aug-23,Sales Delivery,Transtec Mosquito Bat,1,387,434,387,
8-Aug-23,Sales Delivery,Transtec Mosquito Bat,7,387,427,387,
9-Aug-23,Sales Delivery,Transtec Mosquito Bat,1,387,426,387,
12-Aug-23,Sales Delivery,Transtec Mosquito Bat,1,387,425,387,
15-Aug-23,Sales Delivery,Transtec Mosquito Bat,6,387,419,387,
17-Aug-23,Sales Delivery,Transtec Mosquito Bat,1,387,418,387,
3-Sep-23,Sales Delivery,Transtec Mosquito Bat,2,387,416,387,
13-Sep-23,Sales Delivery,Transtec Mosquito Bat,1,387,415,387,
3-Nov-23,Sales Delivery,Transtec Mosquito Bat,1,387,414,387,
3-Nov-23,Sales Delivery,Transtec Mosquito Bat,1,387,413,387,
7-Nov-23,Sales Delivery,Transtec Mosquito Bat,1,387,412,387,
7-Nov-23,Sales Delivery,Transtec Mosquito Bat,1,387,411,387,
7-Nov-23,Sales Delivery,Transtec Mosquito Bat,1,387,410,387,
10-Nov-23,Sales Delivery,Transtec Mosquito Bat,1,387,409,387,
15-Nov-23,Sales Delivery,Transtec Mosquito Bat,9,387,400,387,
18-Nov-23,Sales Delivery,Transtec Mosquito Bat,2,387,398,387,
18-Nov-23,Sales Delivery,Transtec Mosquito Bat,1,387,397,387,
22-Nov-23,Sales Delivery,Transtec Mosquito Bat,1,387,396,387,
22-Nov-23,Sales Delivery,Transtec Mosquito Bat,1,387,395,387,
24-Nov-23,Sales Delivery,Transtec Mosquito Bat,1,387,394,387,
26-Nov-23,Sales Delivery,Transtec Mosquito Bat,1,387,393,387,
27-Nov-23,Sales Delivery,Transtec Mosquito Bat,1,387,392,387,
30-Nov-23,Sales Delivery,Transtec Mosquito Bat,1,387,391,387,
1-Dec-23,Sales Delivery,Transtec Mosquito Bat,1,387,390,387,
3-Dec-23,Sales Delivery,Transtec Mosquito Bat,1,387,389,387,
8-Dec-23,Sales Delivery,Transtec Mosquito Bat,1,387,388,387,
18-Dec-23,Sales Delivery,Transtec Mosquito Bat,1,387,387,387,
19-Dec-23,Sales Delivery,Transtec Mosquito Bat,10,387,377,387,
20-Dec-23,Sales Delivery,Transtec Mosquito Bat,10,387,367,387,
21-Dec-23,Sales Delivery,Transtec Mosquito Bat,1,387,366,387,
23-Dec-23,Sales Delivery,Transtec Mosquito Bat,1,387,365,387,
24-Dec-23,Sales Delivery,Transtec Mosquito Bat,1,387,364,387,
30-Dec-23,Sales Delivery,Transtec Mosquito Bat,1,387,363,387,
4-Jan-24,Sales Delivery,Transtec Mosquito Bat,1,387,362,387,
13-Jan-24,Sales Delivery,Transtec Mosquito Bat,1,387,361,387,
15-Jan-24,Sales Delivery,Transtec Mosquito Bat,10,387,351,387,
8-Feb-24,Sales Delivery,Transtec Mosquito Bat,3,387,348,387,
13-Feb-24,Sales Return,Transtec Mosquito Bat,1,386,349,387,
14-Feb-24,Sales Return,Transtec Mosquito Bat,1,386,350,387,
23-Feb-24,Sales Delivery,Transtec Mosquito Bat,1,387,359,387,
26-Feb-24,Sales Delivery,Transtec Mosquito Bat,1,387,358,387,
1-Mar-24,Sales Delivery,Transtec Mosquito Bat,1,387,357,387,
4-Mar-24,Sales Delivery,Transtec Mosquito Bat,1,387,356,387,
4-Mar-24,Sales Delivery,Transtec Mosquito Bat,1,387,355,387,
5-Mar-24,Sales Delivery,Transtec Mosquito Bat,1,387,354,387,
6-Mar-24,Sales Delivery,Transtec Mosquito Bat,1,387,353,387,
7-Mar-24,Sales Delivery,Transtec Mosquito Bat,2,387,351,387,
14-Mar-24,Sales Delivery,Transtec Mosquito Bat,1,387,350,387,
18-Mar-24,Sales Delivery,Transtec Mosquito Bat,1,387,349,387,
18-Mar-24,Sales Delivery,Transtec Mosquito Bat,1,387,348,387,
20-Mar-24,Sales Delivery,Transtec Mosquito Bat,1,387,347,387,
21-Mar-24,Sales Delivery,Transtec Mosquito Bat,2,387,345,387,
22-Mar-24,Sales Delivery,Transtec Mosquito Bat,1,387,344,387,
27-Mar-24,Sales Delivery,Transtec Mosquito Bat,1,387,343,387,
29-Mar-24,Sales Delivery,Transtec Mosquito Bat,1,387,342,387,
30-Mar-24,Sales Delivery,Transtec Mosquito Bat,1,387,341,387,
1-Apr-24,Sales Delivery,Transtec Mosquito Bat,1,387,340,387,
1-Apr-24,Sales Delivery,Transtec Mosquito Bat,1,387,339,387,
4-Apr-24,Sales Delivery,Transtec Mosquito Bat,1,387,338,387,
5-Apr-24,Sales Delivery,Transtec Mosquito Bat,1,387,337,387,
5-Apr-24,Sales Delivery,Transtec Mosquito Bat,2,387,335,387,
6-Apr-24,Sales Delivery,Transtec Mosquito Bat,10,387,325,387,
6-Apr-24,Sales Delivery,Transtec Mosquito Bat,1,387,324,387,
7-Apr-24,Sales Delivery,Transtec Mosquito Bat,20,387,304,387,
7-Apr-24,Sales Delivery,Transtec Mosquito Bat,40,387,264,387,
7-Apr-24,Sales Delivery,Transtec Mosquito Bat,10,3870,254,387,
9-Apr-24,Sales Delivery,Transtec Mosquito Bat,1,387,253,387,
9-Apr-24,Sales Delivery,Transtec Mosquito Bat,1,387,252,387,
10-Apr-24,Sales Delivery,Transtec Mosquito Bat,1,387,251,387,
10-Apr-24,Sales Delivery,Transtec Mosquito Bat,1,387,250,387,
10-Apr-24,Sales Delivery,Transtec Mosquito Bat,1,387,249,387,
16-Apr-24,Sales Delivery,Transtec Mosquito Bat,1,387,248,387,
17-Apr-24,Sales Delivery,Transtec Mosquito Bat,1,387,247,387,
28-Apr-24,Sales Delivery,Transtec Mosquito Bat,20,387,227,387,
30-Apr-24,Sales Delivery,Transtec Mosquito Bat,10,387,217,387,
11-May-24,Sales Delivery,Transtec Mosquito Bat,1,387,216,387,
21-May-24,Sales Delivery,Transtec Mosquito Bat,1,387,215,387,
14-Jun-24,Sales Delivery,Transtec Mosquito Bat,1,387,214,387,
15-Jun-24,Sales Delivery,Transtec Mosquito Bat,1,387,213,387,
15-Jun-24,Sales Delivery,Transtec Mosquito Bat,1,387,212,387,
26-Jun-24,Sales Delivery,Transtec Mosquito Bat,1,387,211,387,
26-Jun-24,Sales Delivery,Transtec Mosquito Bat,20,387,191,387,
27-Jun-24,Sales Delivery,Transtec Mosquito Bat,1,387,190,387,
7-Jul-24,Sales Delivery,Transtec Mosquito Bat,1,387,189,387,
29-Jul-24,Sales Delivery,Transtec Mosquito Bat,20,387,169,387,
17-Sep-24,Sales Delivery,Transtec Mosquito Bat,1,387,168,387,
19-Sep-24,Sales Return,Transtec Mosquito Bat,5,386,173,387,
27-Oct-24,Sales Delivery,Transtec Mosquito Bat,1,387,172,387,
23-Nov-24,Sales Delivery,Transtec Mosquito Bat,1,387,171,387,
30-Nov-24,Sales Delivery,Transtec Mosquito Bat,1,387,170,387,
5-Dec-24,Sales Delivery,Transtec Mosquito Bat,1,387,169,387,
9-Dec-24,Sales Delivery,Transtec Mosquito Bat,1,387,168,387,
15-Dec-24,Sales Delivery,Transtec Mosquito Bat,1,387,167,387,
19-Dec-24,Sales Delivery,Transtec Mosquito Bat,1,387,166,387,
28-Dec-24,Sales Delivery,Transtec Mosquito Bat,1,387,165,387,
29-Dec-24,Sales Delivery,Transtec Mosquito Bat,1,387,164,387,
8-Jan-25,Sales Delivery,Transtec Mosquito Bat,1,387,163,387,
8-Jan-25,Sales Delivery,Transtec Mosquito Bat,1,387,162,387,
10-Jan-25,Sales Delivery,Transtec Mosquito Bat,1,387,161,387,
16-Jan-25,Sales Delivery,Transtec Mosquito Bat,10,387,151,387,
27-Jan-25,Sales Delivery,Transtec Mosquito Bat,2,387,149,387,
1-Feb-25,Sales Delivery,Transtec Mosquito Bat,1,387,148,387,
15-Feb-25,Sales Delivery,Transtec Mosquito Bat,1,387,147,387,
15-Feb-25,Sales Delivery,Transtec Mosquito Bat,1,387,146,387,
16-Feb-25,Sales Delivery,Transtec Mosquito Bat,1,387,145,387,
21-Feb-25,Sales Delivery,Transtec Mosquito Bat,1,387,144,387,
21-Feb-25,Sales Delivery,Transtec Mosquito Bat,1,387,143,387,
22-Feb-25,Sales Delivery,Transtec Mosquito Bat,1,387,142,387,
27-Feb-25,Sales Delivery,Transtec Mosquito Bat,1,387,141,387,
27-Feb-25,Sales Delivery,Transtec Mosquito Bat,1,387,140,387,
5-Mar-25,Sales Delivery,Transtec Mosquito Bat,1,387,139,387,
5-Mar-25,Sales Delivery,Transtec Mosquito Bat,1,387,138,387,
9-Mar-25,Sales Delivery,Transtec Mosquito Bat,1,387,137,387,
19-Mar-24,Direct Purchase,Simaju Royal,100,2250,100,2250,
20-Mar-24,Sales Delivery,Simaju Royal,4,2250,96,2250,
23-Mar-24,Sales Delivery,Simaju Royal,1,2250,95,2250,
29-Mar-24,Sales Delivery,Simaju Royal,1,2250,94,2250,
3-Apr-24,Sales Delivery,Simaju Royal,1,2250,93,2250,
3-Apr-24,Sales Delivery,Simaju Royal,1,2250,92,2250,
6-Apr-24,Sales Delivery,Simaju Royal,3,2250,89,2250,
7-Apr-24,Sales Delivery,Simaju Royal,1,2250,88,2250,
8-Apr-24,Sales Delivery,Simaju Royal,1,2250,87,2250,
16-Apr-24,Sales Delivery,Simaju Royal,4,2250,83,2250,
17-Apr-24,Sales Delivery,Simaju Royal,1,2250,82,2250,
17-Apr-24,Sales Delivery,Simaju Royal,1,2250,81,2250,
17-Apr-24,Sales Return,Simaju Royal,1,2250,82,2250,
18-Apr-24,Sales Delivery,Simaju Royal,1,2250,81,2250,
20-Apr-24,Sales Delivery,Simaju Royal,1,2250,80,2250,
20-Apr-24,Sales Delivery,Simaju Royal,1,2250,79,2250,
21-Apr-24,Sales Delivery,Simaju Royal,1,2250,78,2250,
21-Apr-24,Sales Delivery,Simaju Royal,1,2250,78,2250,
22-Apr-24,Sales Delivery,Simaju Royal,1,2250,77,2250,
22-Apr-24,Sales Delivery,Simaju Royal,1,2250,76,2250,
23-Apr-24,Sales Delivery,Simaju Royal,1,2250,75,2250,
26-Apr-24,Sales Delivery,Simaju Royal,1,2250,74,2250,
26-Apr-24,Sales Delivery,Simaju Royal,1,2250,73,2250,
29-Apr-24,Sales Delivery,Simaju Royal,1,2250,72,2250,
3-May-24,Sales Delivery,Simaju Royal,1,2250,71,2250,
4-May-24,Sales Delivery,Simaju Royal,1,2250,70,2250,
4-May-24,Sales Delivery,Simaju Royal,1,2250,69,2250,
4-May-24,Sales Delivery,Simaju Royal,1,2250,69,2250,
4-May-24,Sales Delivery,Simaju Royal,1,2250,68,2250,
7-May-24,Sales Delivery,Simaju Royal,1,2250,67,2250,
17-May-24,Sales Delivery,Simaju Royal,1,2250,66,2250,
21-May-24,Direct Purchase,Simaju Royal,100,2250,166,2250,
3-Jun-24,Sales Delivery,Simaju Royal,3,2250,163,2250,
4-Jun-24,Sales Delivery,Simaju Royal,1,2250,162,2250,
6-Jun-24,Sales Delivery,Simaju Royal,1,2250,161,2250,
7-Jun-24,Sales Delivery,Simaju Royal,1,2250,160,2250,
12-Jun-24,Sales Delivery,Simaju Royal,1,2250,159,2250,
14-Jun-24,Sales Delivery,Simaju Royal,1,2250,158,2250,
8-Jul-24,Sales Delivery,Simaju Royal,1,2250,157,2250,
26-Jul-24,Sales Delivery,Simaju Royal,3,2250,154,2250,
1-Aug-24,Sales Delivery,Simaju Royal,1,2250,153,2250,
2-Aug-24,Sales Delivery,Simaju Royal,1,2250,152,2250,
24-Aug-24,Sales Delivery,Simaju Royal,1,2250,151,2250,
30-Aug-24,Sales Delivery,Simaju Royal,1,2250,150,2250,
5-Sep-24,Sales Delivery,Simaju Royal,1,2250,149,2250,
5-Sep-24,Sales Delivery,Simaju Royal,1,2250,148,2250,
11-Sep-24,Sales Delivery,Simaju Royal,1,2250,147,2250,
17-Sep-24,Sales Delivery,Simaju Royal,1,2250,146,2250,
23-Sep-24,Sales Delivery,Simaju Royal,1,2250,145,2250,
2-Oct-24,Sales Delivery,Simaju Royal,1,2250,144,2250,
3-Oct-24,Sales Delivery,Simaju Royal,1,2250,143,2250,
4-Oct-24,Sales Delivery,Simaju Royal,1,2250,142,2250,
4-Oct-24,Sales Delivery,Simaju Royal,1,2250,141,2250,
18-Oct-24,Sales Delivery,Simaju Royal,1,2250,141,2250,
18-Oct-24,Sales Delivery,Simaju Royal,1,2250,140,2250,
29-Oct-24,Sales Delivery,Simaju Royal,5,22500,135,2250,
30-Oct-24,Sales Delivery,Simaju Royal,1,2250,134,2250,
1-Nov-24,Sales Delivery,Simaju Royal,1,2250,133,2250,
2-Nov-24,Sales Delivery,Simaju Royal,1,2250,132,2250,
3-Nov-24,Sales Delivery,Simaju Royal,4,2250,128,2250,
22-Nov-24,Sales Delivery,Simaju Royal,1,2250,127,2250,
27-Jan-25,Sales Delivery,Simaju Royal,1,2250,126,2250,
2-Feb-25,Sales Delivery,Simaju Royal,1,2250,125,2250,
3-Feb-25,Sales Delivery,Simaju Royal,1,2250,124,2250,
3-Feb-25,Sales Delivery,Simaju Royal,1,2250,123,2250,
4-Feb-25,Sales Delivery,Simaju Royal,1,2250,122,2250,
6-Feb-25,Sales Delivery,Simaju Royal,1,2250,121,2250,
7-Feb-25,Sales Delivery,Simaju Royal,1,2250,120,2250,
13-Feb-25,Sales Delivery,Simaju Royal,2,2250,118,2250,
20-Feb-25,Sales Delivery,Simaju Royal,2,2250,116,2250,
22-Feb-25,Sales Delivery,Simaju Royal,1,2250,115,2250,
25-Feb-25,Sales Delivery,Simaju Royal,1,2250,114,2250,
25-Feb-25,Sales Delivery,Simaju Royal,1,2250,113,2250,
28-Feb-25,Sales Delivery,Simaju Royal,1,2250,112,2250,
3-Mar-25,Sales Delivery,Simaju Royal,1,2250,111,2250,
4-Mar-25,Sales Delivery,Simaju Royal,2,2250,109,2250,
5-Mar-25,Sales Delivery,Simaju Royal,1,2250,108,2250,
10-Mar-25,Sales Delivery,Simaju Royal,2,2250,106,2250,
9-Oct-23,Direct Purchase,Pipe Clamp,6,5,6,5,
26-Oct-23,Direct Purchase,Pipe Clamp,12,7,18,6.3,
7-Nov-23,Sales Delivery,Pipe Clamp,2,6.3,16,6.3,
24-Nov-23,Sales Delivery,Pipe Clamp,2,6.3,14,6.3,
6-Dec-23,Sales Delivery,Pipe Clamp,2,6.3,12,6.3,
26-Jan-24,Sales Delivery,Pipe Clamp,2,6.3,10,6.3,
26-Feb-24,Sales Delivery,Pipe Clamp,2,6.3,8,6.3,
4-Mar-24,Direct Purchase,Pipe Clamp,20,6,28,6.1,
12-Mar-24,Sales Delivery,Pipe Clamp,1,6.1,27,6.1,
14-Mar-24,Sales Delivery,Pipe Clamp,2,6.1,25,6.1,
28-Apr-24,Sales Delivery,Pipe Clamp,2,6.1,23,6.1,
15-May-24,Sales Delivery,Pipe Clamp,2,6.1,21,6.1,
18-May-24,Sales Delivery,Pipe Clamp,2,6.1,19,6.1,
20-May-24,Sales Delivery,Pipe Clamp,2,6.1,17,6.1,
31-May-24,Sales Delivery,Pipe Clamp,2,6.1,15,6.1,
1-Jun-24,Sales Delivery,Pipe Clamp,2,6.1,13,6.1,
4-Jun-24,Sales Delivery,Pipe Clamp,2,6.1,11,6.1,
13-Jun-24,Sales Delivery,Pipe Clamp,1,6.1,10,6.1,
16-Jun-24,Sales Delivery,Pipe Clamp,2,6.1,8,6.1,
27-Jun-24,Sales Delivery,Pipe Clamp,2,6.1,6,6.1,
28-Jun-24,Sales Delivery,Pipe Clamp,1,6.1,5,6.1,
30-Jun-24,Direct Purchase,Pipe Clamp,95,4.21,100,4.3,
4-Jul-24,Sales Delivery,Pipe Clamp,2,4.3,98,4.3,
4-Jul-24,Sales Delivery,Pipe Clamp,2,4.3,96,4.3,
5-Jul-24,Sales Delivery,Pipe Clamp,2,4.3,94,4.3,
7-Jul-24,Sales Delivery,Pipe Clamp,2,4.3,92,4.3,
7-Jul-24,Sales Delivery,Pipe Clamp,2,4.3,90,4.3,
15-Jul-24,Sales Delivery,Pipe Clamp,2,4.3,88,4.3,
16-Jul-24,Sales Delivery,Pipe Clamp,2,4.3,86,4.3,
26-Jul-24,Sales Delivery,Pipe Clamp,2,4.3,84,4.3,
7-Aug-24,Sales Delivery,Pipe Clamp,2,4.3,82,4.3,
11-Aug-24,Sales Delivery,Pipe Clamp,2,4.3,80,4.3,
17-Aug-24,Sales Delivery,Pipe Clamp,2,4.3,78,4.3,
26-Aug-24,Sales Delivery,Pipe Clamp,2,4.3,76,4.3,
27-Aug-24,Sales Delivery,Pipe Clamp,2,4.3,74,4.3,
29-Aug-24,Sales Delivery,Pipe Clamp,2,4.3,72,4.3,
5-Sep-24,Sales Delivery,Pipe Clamp,2,4.3,70,4.3,
6-Sep-24,Sales Delivery,Pipe Clamp,2,4.3,68,4.3,
11-Sep-24,Sales Delivery,Pipe Clamp,2,4.3,66,4.3,
19-Sep-24,Sales Delivery,Pipe Clamp,2,4.3,64,4.3,
24-Sep-24,Sales Delivery,Pipe Clamp,2,4.3,62,4.3,
25-Sep-24,Sales Delivery,Pipe Clamp,2,4.3,60,4.3,
18-Oct-24,Sales Delivery,Pipe Clamp,2,4.3,58,4.3,
29-Oct-24,Sales Delivery,Pipe Clamp,2,4.3,56,4.3,
2-Nov-24,Sales Delivery,Pipe Clamp,2,4.3,54,4.3,
16-Nov-24,Sales Delivery,Pipe Clamp,2,4.3,52,4.3,
20-Nov-24,Sales Delivery,Pipe Clamp,2,4.3,50,4.3,
1-Dec-24,Sales Delivery,Pipe Clamp,2,4.3,48,4.3,
3-Dec-24,Sales Delivery,Pipe Clamp,2,4.3,46,4.3,
26-Dec-24,Sales Delivery,Pipe Clamp,2,4.3,44,4.3,
11-Jan-25,Sales Delivery,Pipe Clamp,2,4.3,42,4.3,
12-Jan-25,Sales Delivery,Pipe Clamp,1,4.3,41,4.3,
14-Jan-25,Sales Delivery,Pipe Clamp,2,4.3,39,4.3,
4-Feb-25,Sales Delivery,Pipe Clamp,2,4.3,37,4.3,
6-Feb-25,Sales Delivery,Pipe Clamp,2,4.3,35,4.3,
15-Feb-25,Sales Delivery,Pipe Clamp,2,4.3,33,4.3,
21-Feb-25,Sales Delivery,Pipe Clamp,2,4.3,31,4.3,
22-Feb-25,Sales Delivery,Pipe Clamp,2,4.3,29,4.3,
2-Mar-25,Sales Delivery,Pipe Clamp,2,4.3,27,4.3,
3-Mar-25,Sales Delivery,Pipe Clamp,2,4.3,25,4.3,
5-Mar-25,Sales Delivery,Pipe Clamp,2,4.3,23,4.3,
8-Mar-25,Sales Delivery,Pipe Clamp,2,4.3,21,4.3,Pipe Clamp
9-Oct-23,Direct Purchase,LPG Gas Pipe,2,40,2,40,
19-Oct-23,Sales Delivery,LPG Gas Pipe,1,40,1,40,
26-Oct-23,Direct Purchase,LPG Gas Pipe,5,50,6,48.33,
28-Oct-23,Sales Delivery,LPG Gas Pipe,1,48.33,5,48.33,
5-Nov-23,Sales Delivery,LPG Gas Pipe,2,48.33,3,48.33,
7-Nov-23,Sales Delivery,LPG Gas Pipe,1,48.33,2,48.33,
24-Nov-23,Sales Delivery,LPG Gas Pipe,1,48.33,1,48.33,
6-Dec-23,Sales Delivery,LPG Gas Pipe,1,48.33,0,0,
4-Mar-24,Direct Purchase,LPG Gas Pipe,36,36,36,36,
14-Mar-24,Sales Delivery,LPG Gas Pipe,1,36,35,36,
28-Apr-24,Sales Delivery,LPG Gas Pipe,1,36,34,36,
15-May-24,Sales Delivery,LPG Gas Pipe,1,36,33,36,
18-May-24,Sales Delivery,LPG Gas Pipe,1,36,32,36,
20-May-24,Sales Delivery,LPG Gas Pipe,1,36,31,36,
31-May-24,Sales Delivery,LPG Gas Pipe,1,36,30,36,
1-Jun-24,Sales Delivery,LPG Gas Pipe,1,36,29,36,
4-Jun-24,Sales Delivery,LPG Gas Pipe,1,36,28,36,
16-Jun-24,Sales Delivery,LPG Gas Pipe,1,36,27,36,
27-Jun-24,Sales Delivery,LPG Gas Pipe,1,36,26,36,
28-Jun-24,Sales Delivery,LPG Gas Pipe,1,36,25,36,
4-Jul-24,Sales Delivery,LPG Gas Pipe,1,36,24,36,
4-Jul-24,Sales Delivery,LPG Gas Pipe,1,36,23,36,
5-Jul-24,Sales Delivery,LPG Gas Pipe,1,36,22,36,
7-Jul-24,Sales Delivery,LPG Gas Pipe,1,36,21,36,
7-Jul-24,Sales Delivery,LPG Gas Pipe,1,36,20,36,
16-Jul-24,Sales Delivery,LPG Gas Pipe,1,36,19,36,
26-Jul-24,Sales Delivery,LPG Gas Pipe,1,36,18,36,
7-Aug-24,Sales Delivery,LPG Gas Pipe,1,36,17,36,
11-Aug-24,Sales Delivery,LPG Gas Pipe,1,36,16,36,
17-Aug-24,Sales Delivery,LPG Gas Pipe,1,36,15,36,
26-Aug-24,Sales Delivery,LPG Gas Pipe,1,36,14,36,
27-Aug-24,Sales Delivery,LPG Gas Pipe,1,36,13,36,
29-Aug-24,Sales Delivery,LPG Gas Pipe,1,360,12,36,
5-Sep-24,Sales Delivery,LPG Gas Pipe,1,36,11,36,
6-Sep-24,Sales Delivery,LPG Gas Pipe,1,36,10,36,
11-Sep-24,Sales Delivery,LPG Gas Pipe,1,36,9,36,
24-Sep-24,Sales Delivery,LPG Gas Pipe,1,36,8,36,
25-Sep-24,Sales Delivery,LPG Gas Pipe,1,36,7,36,
18-Oct-24,Sales Delivery,LPG Gas Pipe,1,36,6,36,
29-Oct-24,Sales Delivery,LPG Gas Pipe,1,36,5,36,
2-Nov-24,Sales Delivery,LPG Gas Pipe,1,36,4,36,
16-Nov-24,Sales Delivery,LPG Gas Pipe,1,36,3,36,
20-Nov-24,Sales Delivery,LPG Gas Pipe,1,36,2,36,
1-Dec-24,Sales Delivery,LPG Gas Pipe,1,36,1,36,
3-Dec-24,Sales Delivery,LPG Gas Pipe,1,36,0,0,
13-Jan-25,Direct Purchase,LPG Gas Pipe,32,39.07,32,39.07,
14-Jan-25,Sales Delivery,LPG Gas Pipe,1,39.07,31,39.07,
4-Feb-25,Sales Delivery,LPG Gas Pipe,1,39.07,30,39.07,
6-Feb-25,Sales Delivery,LPG Gas Pipe,1,39.07,29,39.07,
15-Feb-25,Sales Delivery,LPG Gas Pipe,1,39.07,28,39.07,
21-Feb-25,Sales Delivery,LPG Gas Pipe,1,39.07,27,39.07,
22-Feb-25,Sales Delivery,LPG Gas Pipe,1,39.07,26,39.07,
2-Mar-25,Sales Delivery,LPG Gas Pipe,1,39.07,25,39.07,
3-Mar-25,Sales Delivery,LPG Gas Pipe,1,39.07,24,39.07,
8-Mar-25,Sales Delivery,LPG Gas Pipe,1,39.07,23,39.07,
23-Apr-24,Direct Purchase,Dengue NS,2,2000,2,2000,
23-Apr-24,Sales Delivery,Dengue NS,2,2000,0,2000,
4-Jun-24,Direct Purchase,Dengue NS,7,1760,7,1760,
23-Jun-24,Direct Purchase,Dengue NS,25,1760,25,1760,
23-Jun-24,Sales Delivery,Dengue NS,1,1760,31,1760,
24-Jun-24,Sales Delivery,Dengue NS,25,1760,6,1760,
9-Jul-24,Direct Purchase,Dengue NS,25,1720,31,1727.74,
10-Jul-24,Sales Delivery,Dengue NS,25,1727.74,6,1727.74,
22-Jul-24,Sales Delivery,Dengue NS,1,1727.74,5,1727.74,
2-Aug-24,Sales Delivery,Dengue NS,1,1727.74,4,1727.74,
5-Aug-24,Sales Delivery,Dengue NS,1,1727.74,3,1727.74,
5-Aug-24,Sales Delivery,Dengue NS,1,1727.74,2,1727.74,
11-Aug-24,Sales Delivery,Dengue NS,1,1727.74,1,1727.74,
20-Aug-24,Sales Delivery,Dengue NS,1,1727.74,0,1727.74,
21-Aug-24,Direct Purchase,Dengue NS,4,1800,4,1800,
26-Aug-24,Sales Delivery,Dengue NS,1,1800,3,1800,
5-Sep-24,Sales Delivery,Dengue NS,1,1800,2,1800,
15-Sep-24,Sales Delivery,Dengue NS,1,1800,1,1800,
15-Sep-24,Sales Delivery,Dengue NS,1,1800,0,1800,
25-Sep-24,Direct Purchase,Dengue NS,7,1520,7,1520,
28-Sep-24,Sales Delivery,Dengue NS,2,1520,5,1520,
4-Oct-24,Sales Delivery,Dengue NS,2,1520,3,1520,
5-Oct-24,Sales Delivery,Dengue NS,2,1520,1,1520,
7-Oct-24,Direct Purchase,Dengue NS,6,1520,7,1520,
11-Oct-24,Sales Delivery,Dengue NS,2,1520,5,1520,
15-Oct-24,Sales Delivery,Dengue NS,3,1520,2,1520,
15-Oct-24,Direct Purchase,Dengue NS,2,1420,4,1470,
17-Oct-24,Direct Purchase,Dengue NS,7,1520,11,1501.82,
22-Oct-24,Sales Delivery,Dengue NS,2,1501.82,9,1501.82,
22-Oct-24,Sales Delivery,Dengue NS,1,1501.82,8,1501.82,
26-Oct-24,Sales Delivery,Dengue NS,2,1501.82,6,1501.82,
29-Oct-24,Sales Delivery,Dengue NS,1,1501.82,5,1501.82,
4-Nov-24,Sales Delivery,Dengue NS,1,1501.82,4,1501.82,
8-Nov-24,Direct Purchase,Dengue NS,8,1480,12,1487.27,
8-Nov-24,Sales Delivery,Dengue NS,2,1487.27,10,1487.27,
10-Nov-24,Sales Delivery,Dengue NS,1,1487.27,9,1487.27,
10-Nov-24,Sales Delivery,Dengue NS,2,1487.27,7,1487.27,
12-Nov-24,Sales Delivery,Dengue NS,2,1487.27,5,1487.27,
13-Nov-24,Direct Purchase,Dengue NS,5,1480,10,1483.64,
17-Nov-24,Sales Delivery,Dengue NS,2,1483.64,8,1483.64,
18-Nov-24,Sales Delivery,Dengue NS,2,1483.64,6,1483.64,
25-Nov-24,Sales Delivery,Dengue NS,2,1483.64,4,1483.64,
30-Nov-24,Sales Delivery,Dengue NS,2,1483.64,2,1483.64,
1-Dec-24,Sales Delivery,Dengue NS,2,1483.64,0,0,
2-Dec-24,Direct Purchase,Dengue NS,5,1480,5,1480,
4-Dec-24,Sales Delivery,Dengue NS,2,1480,3,1480,
7-Dec-24,Direct Purchase,Dengue NS,4,1480,7,1480,
7-Dec-24,Sales Delivery,Dengue NS,2,1480,5,1480,
10-Dec-24,Sales Delivery,Dengue NS,2,1480,3,1480,
10-Dec-24,Sales Delivery,Dengue NS,2,1480,1,1480,
23-Dec-24,Sales Delivery,Dengue NS,1,1480,0,0,
26-Dec-24,Direct Purchase,Dengue NS,4,1480,4,1480,
28-Dec-24,Direct Purchase,Dengue NS,1,1120,5,1408,
23-Jan-25,Sales Delivery,Dengue NS,1,1408,4,1408,
30-Jan-25,Sales Delivery,Dengue NS,1,1408,3,1408,
12-Feb-25,Sales Delivery,Dengue NS,1,1408,2,1408,
18-Feb-25,Sales Delivery,Dengue NS,1,1408,1,1408,
22-Feb-25,Direct Purchase,Dengue NS,2,1480,3,1456,
28-Feb-25,Sales Delivery,Dengue NS,1,1456,2,1456,
1-Mar-25,Sales Delivery,Dengue NS,1,1456,1,1456,
8-Jan-24,Opening Stock,TSH-Finepot,3,3250,3,3250,
9-Jan-24,Sales Delivery,TSH-Finepot,1,3250,2,3250,
9-Jan-24,Sales Delivery,TSH-Finepot,1,3250,2,3250,
10-Jan-24,Sales Delivery,TSH-Finepot,1,3250,1,3250,
10-Jan-24,Direct Purchase,TSH-Finepot,3,3250,4,3250,
21-Feb-24,Sales Delivery,TSH-Finepot,1,3250,3,3250,
26-Feb-24,Sales Delivery,TSH-Finepot,2,3250,1,3250,
27-Feb-24,Direct Purchase,TSH-Finepot,5,3250,6,3250,
28-Feb-24,Sales Delivery,TSH-Finepot,3,3250,3,3250,
1-Mar-24,Sales Delivery,TSH-Finepot,1,3250,2,3250,
5-Mar-24,Sales Delivery,TSH-Finepot,1,3250,1,3250,
6-Mar-24,Sales Delivery,TSH-Finepot,1,3250,0,3250,
10-Mar-24,Direct Purchase,TSH-Finepot,6,3250,6,3250,
10-Mar-24,Sales Delivery,TSH-Finepot,2,3250,4,3250,
19-Mar-24,Sales Delivery,TSH-Finepot,2,3250,2,3250,
28-Mar-24,Sales Delivery,TSH-Finepot,1,3250,1,3250,
20-Apr-24,Sales Delivery,TSH-Finepot,1,3250,0,3250,
21-Apr-24,Direct Purchase,TSH-Finepot,6,3250,6,3250,
21-Apr-24,Sales Delivery,TSH-Finepot,1,3250,5,3250,
21-Apr-24,Sales Delivery,TSH-Finepot,1,3250,4,3250,
23-Apr-24,Sales Delivery,TSH-Finepot,2,3250,2,3250,
13-May-24,Direct Purchase,TSH-Finepot,2,3250,4,3250,
20-May-24,Sales Delivery,TSH-Finepot,2,3250,2,3250,
25-May-24,Direct Purchase,TSH-Finepot,1,3500,3,3333.33,
31-May-24,Sales Delivery,TSH-Finepot,1,3333.33,2,3333.33,
2-Jun-24,Sales Delivery,TSH-Finepot,2,3333.33,0,3333.33,
2-Jun-24,Direct Purchase,TSH-Finepot,3,3250,3,3250,
13-Jun-24,Direct Purchase,TSH-Finepot,2,3250,5,3250,
23-Jun-24,Sales Delivery,TSH-Finepot,1,3250,4,3250,
27-Jun-24,Sales Delivery,TSH-Finepot,1,3250,3,3250,
5-Jul-24,Sales Delivery,TSH-Finepot,2,3250,1,3250,
5-Jul-24,Sales Delivery,TSH-Finepot,1,3250,0,3250,
9-Jul-24,Direct Purchase,TSH-Finepot,5,3100,5,3100,
10-Jul-24,Sales Delivery,TSH-Finepot,2,3100,3,3100,
23-Jul-24,Sales Delivery,TSH-Finepot,1,3100,2,3100,
25-Jul-24,Sales Delivery,TSH-Finepot,1,3100,1,3100,
28-Jul-24,Direct Purchase,TSH-Finepot,2,3250,3,3200,
3-Aug-24,Sales Delivery,TSH-Finepot,1,3200,2,3200,
8-Aug-24,Direct Purchase,TSH-Finepot,4,3250,6,3233.33,
8-Aug-24,Sales Delivery,TSH-Finepot,1,3233.33,5,3233.33,
10-Aug-24,Sales Delivery,TSH-Finepot,1,3233.33,4,3233.33,
27-Aug-24,Sales Delivery,TSH-Finepot,1,3233.33,3,3233.33,
29-Aug-24,Sales Delivery,TSH-Finepot,1,3233.33,2,3233.33,
1-Sep-24,Sales Delivery,TSH-Finepot,1,3233.33,1,3233.33,
3-Sep-24,Sales Delivery,TSH-Finepot,1,3233.33,0,3233.33,
3-Sep-24,Direct Purchase,TSH-Finepot,4,3250,4,3250,
4-Sep-24,Sales Delivery,TSH-Finepot,1,3250,3,3250,
8-Sep-24,Direct Purchase,TSH-Finepot,5,3000,8,3093.75,
10-Sep-24,Sales Delivery,TSH-Finepot,2,3093.75,6,3093.75,
13-Sep-24,Direct Purchase,TSH-Finepot,5,3000,11,3051.14,
28-Sep-24,Sales Delivery,TSH-Finepot,2,3051.14,9,3051.14,
29-Sep-24,Sales Delivery,TSH-Finepot,1,3051.14,8,3051.14,
2-Oct-24,Sales Delivery,TSH-Finepot,1,3051.14,7,3051.14,
4-Oct-24,Sales Delivery,TSH-Finepot,1,3051.14,4,3051.14,
5-Oct-24,Sales Delivery,TSH-Finepot,2,3051.14,5,3051.14,
7-Oct-24,Direct Purchase,TSH-Finepot,5,2900,9,2967.17,
10-Oct-24,Sales Delivery,TSH-Finepot,2,2967.17,7,2967.17,
18-Oct-24,Sales Delivery,TSH-Finepot,1,2967.17,6,2967.17,
22-Oct-24,Sales Delivery,TSH-Finepot,1,2967.17,5,2967.17,
22-Oct-24,Sales Delivery,TSH-Finepot,3,2967.17,2,2967.17,
23-Oct-24,Sales Delivery,TSH-Finepot,1,2967.17,1,2967.17,
23-Oct-24,Direct Purchase,TSH-Finepot,7,2700,8,2733.4,
24-Oct-24,Direct Purchase,TSH-Finepot,5,2800,13,2759.01,
4-Nov-24,Sales Delivery,TSH-Finepot,3,2759.01,10,2759.01,
5-Nov-24,Direct Purchase,TSH-Finepot,7,2750,17,2755.3,
11-Nov-24,Sales Delivery,TSH-Finepot,3,2755.3,14,2755.3,
13-Nov-24,Sales Delivery,TSH-Finepot,2,2755.3,12,2755.3,
14-Nov-24,Sales Delivery,TSH-Finepot,1,2755.3,11,2755.3,
22-Nov-24,Sales Delivery,TSH-Finepot,1,2755.3,10,2755.3,
25-Nov-24,Direct Purchase,TSH-Finepot,5,2700,15,2736.87,
3-Dec-24,Sales Delivery,TSH-Finepot,2,2736.87,13,2736.87,
4-Dec-24,Sales Delivery,TSH-Finepot,3,2736.87,10,2736.87,
7-Dec-24,Direct Purchase,TSH-Finepot,6,2680,16,2715.54,
8-Dec-24,Sales Return,TSH-Finepot,1,2715.54,17,2715.54,
10-Dec-24,Sales Delivery,TSH-Finepot,1,2715.54,16,2715.54,
22-Dec-24,Sales Delivery,TSH-Finepot,1,2715.54,15,2715.54,
28-Dec-24,Sales Delivery,TSH-Finepot,1,2715.54,14,2715.54,
1-Jan-25,Sales Delivery,TSH-Finepot,3,2715.54,11,2715.54,
19-Jan-25,Sales Delivery,TSH-Finepot,2,2715.54,9,2715.54,
19-Jan-25,Sales Delivery,TSH-Finepot,1,2715.54,8,2715.54,
20-Jan-25,Sales Delivery,TSH-Finepot,2,2715.54,6,2715.54,
23-Jan-25,Sales Delivery,TSH-Finepot,1,2715.54,5,2715.54,
24-Jan-25,Sales Delivery,TSH-Finepot,1,2715.54,4,2715.54,
25-Jan-25,Direct Purchase,TSH-Finepot,7,2500,11,2578.38,
26-Jan-25,Sales Delivery,TSH-Finepot,2,2578.38,9,2578.38,
31-Jan-25,Direct Purchase,TSH-Finepot,4,2500,13,2554.26,
31-Jan-25,Sales Delivery,TSH-Finepot,1,2554.26,12,2554.26,
12-Feb-25,Sales Delivery,TSH-Finepot,2,2554.26,10,2554.26,
17-Feb-25,Sales Delivery,TSH-Finepot,3,2554.26,7,2554.26,
19-Feb-25,Sales Delivery,TSH-Finepot,3,2554.26,4,2554.26,
22-Feb-25,Direct Purchase,TSH-Finepot,10,2700,14,2271.43,
27-Feb-25,Sales Delivery,TSH-Finepot,2,2271.43,12,2271.43,
27-Feb-25,Sales Delivery,TSH-Finepot,1,2271.43,11,2271.43,
28-Feb-25,Sales Delivery,TSH-Finepot,1,2271.43,10,2271.43,
28-Feb-25,Sales Delivery,TSH-Finepot,1,2271.43,9,2271.43,
1-Mar-25,Sales Delivery,TSH-Finepot,1,2271.43,8,2271.43,
4-Mar-25,Sales Delivery,TSH-Finepot,2,2271.43,6,2271.43,
5-Mar-25,Sales Delivery,TSH-Finepot,2,2271.43,4,2271.43,
